{
	"credit": "Made with Blockbench",
	"parent": "block/block",
	"textures": {
		"0": "prettypipes:block/pipe",
		"particle": "prettypipes:block/pipe"
	},
	"elements": [
		{
			"from": [10, 4, 6],
			"to": [12, 6, 10],
			"faces": {
				"north": {"uv": [7, 7, 9, 9], "texture": "#0"},
				"east": {"uv": [6, 10, 10, 12], "texture": "#0"},
				"south": {"uv": [7, 7, 9, 9], "texture": "#0"},
				"west": {"uv": [6, 5, 10, 7], "texture": "#0"},
				"up": {"uv": [5, 6, 7, 10], "texture": "#0"},
				"down": {"uv": [10, 6, 12, 10], "texture": "#0"}
			}
		},
		{
			"from": [4, 4, 4],
			"to": [12, 6, 6],
			"faces": {
				"north": {"uv": [4, 10, 12, 12], "texture": "#0"},
				"east": {"uv": [10, 10, 12, 12], "texture": "#0"},
				"south": {"uv": [4, 9, 12, 11], "texture": "#0"},
				"west": {"uv": [4, 10, 6, 12], "texture": "#0"},
				"up": {"uv": [4, 9, 12, 11], "texture": "#0"},
				"down": {"uv": [4, 10, 12, 12], "texture": "#0"}
			}
		},
		{
			"from": [4, 10, 4],
			"to": [12, 12, 6],
			"faces": {
				"north": {"uv": [4, 4, 12, 6], "texture": "#0"},
				"east": {"uv": [10, 4, 12, 6], "texture": "#0"},
				"south": {"uv": [4, 5, 12, 7], "texture": "#0"},
				"west": {"uv": [4, 4, 6, 6], "texture": "#0"},
				"up": {"uv": [4, 4, 12, 6], "texture": "#0"},
				"down": {"uv": [4, 5, 12, 7], "texture": "#0"}
			}
		},
		{
			"from": [4, 6, 4],
			"to": [6, 10, 6],
			"faces": {
				"north": {"uv": [10, 6, 12, 10], "texture": "#0"},
				"east": {"uv": [9, 6, 11, 10], "texture": "#0"},
				"south": {"uv": [5, 6, 7, 10], "texture": "#0"},
				"west": {"uv": [4, 6, 6, 10], "texture": "#0"},
				"up": {"uv": [10, 4, 12, 5], "texture": "#0"},
				"down": {"uv": [10, 4, 12, 5], "texture": "#0"}
			}
		},
		{
			"from": [10, 6, 4],
			"to": [12, 10, 6],
			"faces": {
				"north": {"uv": [4, 6, 6, 10], "texture": "#0"},
				"east": {"uv": [10, 6, 12, 10], "texture": "#0"},
				"south": {"uv": [10, 6, 12, 10], "texture": "#0"},
				"west": {"uv": [5, 6, 7, 10], "texture": "#0"},
				"up": {"uv": [4, 4, 6, 5], "texture": "#0"},
				"down": {"uv": [4, 4, 6, 5], "texture": "#0"}
			}
		},
		{
			"from": [4, 4, 10],
			"to": [12, 6, 12],
			"faces": {
				"north": {"uv": [4, 9, 12, 11], "texture": "#0"},
				"east": {"uv": [4, 10, 6, 12], "texture": "#0"},
				"south": {"uv": [4, 10, 12, 12], "texture": "#0"},
				"west": {"uv": [10, 10, 12, 12], "texture": "#0"},
				"up": {"uv": [4, 9, 12, 11], "texture": "#0"},
				"down": {"uv": [4, 4, 12, 6], "texture": "#0"}
			}
		},
		{
			"from": [4, 6, 10],
			"to": [6, 10, 12],
			"faces": {
				"north": {"uv": [9, 6, 11, 10], "texture": "#0"},
				"east": {"uv": [9, 6, 11, 10], "texture": "#0"},
				"south": {"uv": [4, 6, 6, 10], "texture": "#0"},
				"west": {"uv": [10, 6, 12, 10], "texture": "#0"},
				"up": {"uv": [10, 4, 12, 5], "texture": "#0"},
				"down": {"uv": [10, 4, 12, 5], "texture": "#0"}
			}
		},
		{
			"from": [4, 10, 10],
			"to": [12, 12, 12],
			"faces": {
				"north": {"uv": [4, 5, 12, 7], "texture": "#0"},
				"east": {"uv": [4, 4, 6, 6], "texture": "#0"},
				"south": {"uv": [4, 4, 12, 6], "texture": "#0"},
				"west": {"uv": [10, 4, 12, 6], "texture": "#0"},
				"up": {"uv": [4, 10, 12, 12], "texture": "#0"},
				"down": {"uv": [4, 5, 12, 7], "texture": "#0"}
			}
		},
		{
			"from": [10, 6, 10],
			"to": [12, 10, 12],
			"faces": {
				"north": {"uv": [5, 6, 7, 10], "texture": "#0"},
				"east": {"uv": [4, 6, 6, 10], "texture": "#0"},
				"south": {"uv": [10, 6, 12, 10], "texture": "#0"},
				"west": {"uv": [5, 6, 7, 10], "texture": "#0"},
				"up": {"uv": [4, 4, 6, 5], "texture": "#0"},
				"down": {"uv": [4, 4, 6, 5], "texture": "#0"}
			}
		},
		{
			"from": [4, 4, 6],
			"to": [6, 6, 10],
			"faces": {
				"north": {"uv": [7, 7, 9, 9], "texture": "#0"},
				"east": {"uv": [6, 5, 10, 7], "texture": "#0"},
				"south": {"uv": [7, 7, 9, 9], "texture": "#0"},
				"west": {"uv": [6, 10, 10, 12], "texture": "#0"},
				"up": {"uv": [9, 6, 11, 10], "texture": "#0"},
				"down": {"uv": [4, 6, 6, 10], "texture": "#0"}
			}
		},
		{
			"from": [4, 10, 6],
			"to": [6, 12, 10],
			"faces": {
				"north": {"uv": [7, 7, 9, 9], "texture": "#0"},
				"east": {"uv": [6, 5, 10, 7], "texture": "#0"},
				"south": {"uv": [7, 7, 9, 9], "texture": "#0"},
				"west": {"uv": [6, 4, 10, 6], "texture": "#0"},
				"up": {"uv": [4, 6, 6, 10], "texture": "#0"},
				"down": {"uv": [5, 6, 7, 10], "texture": "#0"}
			}
		},
		{
			"from": [10, 10, 6],
			"to": [12, 12, 10],
			"faces": {
				"north": {"uv": [7, 7, 9, 9], "texture": "#0"},
				"east": {"uv": [6, 4, 10, 6], "texture": "#0"},
				"south": {"uv": [7, 7, 9, 9], "texture": "#0"},
				"west": {"uv": [6, 5, 10, 7], "texture": "#0"},
				"up": {"uv": [10, 6, 12, 10], "texture": "#0"},
				"down": {"uv": [5, 6, 7, 10], "texture": "#0"}
			}
		}
	],
	"display": {
		"thirdperson_righthand": {
			"rotation": [75, 45, 0],
			"translation": [0, 2.5, 0],
			"scale": [0.375, 0.375, 0.375]
		},
		"thirdperson_lefthand": {
			"rotation": [75, 45, 0],
			"translation": [0, 2.5, 0],
			"scale": [0.375, 0.375, 0.375]
		},
		"firstperson_righthand": {
			"rotation": [0, 45, 0],
			"scale": [0.4, 0.4, 0.4]
		},
		"firstperson_lefthand": {
			"rotation": [0, 225, 0],
			"scale": [0.4, 0.4, 0.4]
		},
		"ground": {
			"translation": [0, 3, 0],
			"scale": [0.7168, 0.7168, 0.7168]
		},
		"gui": {
			"rotation": [30, 225, 0],
			"scale": [0.99219, 0.99219, 0.99219]
		},
		"fixed": {
			"scale": [1.7168, 1.7168, 1.7168]
		}
	}
}