{
	"credit": "Made with Blockbench",
	"textures": {
		"5": "create:item/wrench",
		"particle": "create:item/wrench"
	},
	"elements": [
		{
			"from": [8.1, 11, 7],
			"to": [9.1, 13, 9],
			"rotation": {"angle": 22.5, "axis": "z", "origin": [9.5, 12, 8]},
			"faces": {
				"north": {"uv": [4, 8, 6, 12], "texture": "#5"},
				"east": {"uv": [4, 8, 7, 13], "texture": "#5"},
				"south": {"uv": [4, 8, 7, 13], "texture": "#5"},
				"west": {"uv": [4, 8, 7, 13], "texture": "#5"},
				"up": {"uv": [4, 8, 7, 13], "texture": "#5"},
				"down": {"uv": [4, 10, 5, 12], "texture": "#5"}
			}
		},
		{
			"from": [7, 7, 7],
			"to": [9, 8, 9],
			"faces": {
				"north": {"uv": [8, 0, 12, 2], "texture": "#5"},
				"east": {"uv": [8, 0, 12, 2], "texture": "#5"},
				"south": {"uv": [8, 0, 12, 2], "texture": "#5"},
				"west": {"uv": [8, 0, 12, 2], "texture": "#5"},
				"up": {"uv": [8, 0, 12, 4], "texture": "#5"},
				"down": {"uv": [8, 0, 12, 4], "texture": "#5"}
			}
		},
		{
			"from": [7.5, 0, 7.5],
			"to": [8.5, 7, 8.5],
			"faces": {
				"north": {"uv": [2, 0, 4, 14], "texture": "#5"},
				"east": {"uv": [2, 0, 4, 14], "texture": "#5"},
				"south": {"uv": [2, 0, 4, 14], "texture": "#5"},
				"west": {"uv": [2, 0, 4, 14], "texture": "#5"},
				"up": {"uv": [2, 0, 4, 2], "texture": "#5"},
				"down": {"uv": [2, 0, 4, 2], "texture": "#5"}
			}
		},
		{
			"from": [7.5, 7, 7.5],
			"to": [8.5, 11, 8.5],
			"faces": {
				"north": {"uv": [0, 0, 2, 8], "texture": "#5"},
				"east": {"uv": [0, 0, 2, 8], "texture": "#5"},
				"south": {"uv": [0, 0, 2, 8], "texture": "#5"},
				"west": {"uv": [0, 0, 2, 8], "texture": "#5"},
				"up": {"uv": [0, 0, 2, 2], "texture": "#5"},
				"down": {"uv": [0, 0, 2, 2], "texture": "#5"}
			}
		},
		{
			"from": [6.5, 10.2, 6.9],
			"to": [9.5, 11.2, 9.1],
			"faces": {
				"north": {"uv": [4, 8, 10, 10], "texture": "#5"},
				"east": {"uv": [4, 8, 8, 10], "texture": "#5"},
				"south": {"uv": [4, 8, 10, 10], "texture": "#5"},
				"west": {"uv": [4, 8, 8, 10], "texture": "#5"},
				"up": {"uv": [4, 8, 8, 14], "texture": "#5"},
				"down": {"uv": [4, 8, 8, 14], "texture": "#5"}
			}
		},
		{
			"from": [5.5, 10.7, 7],
			"to": [6.5, 13, 9],
			"rotation": {"angle": 22.5, "axis": "z", "origin": [7, 13, 8]},
			"faces": {
				"north": {"uv": [4, 8, 6, 12], "texture": "#5"},
				"east": {"uv": [4, 8, 8, 12], "texture": "#5"},
				"south": {"uv": [4, 8, 6, 12], "texture": "#5"},
				"west": {"uv": [4, 8, 8, 12], "texture": "#5"},
				"up": {"uv": [4, 8, 6, 12], "texture": "#5"},
				"down": {"uv": [4, 8, 6, 12], "texture": "#5"}
			}
		},
		{
			"from": [6, 11.9, 7.1],
			"to": [7, 13.7, 8.9],
			"rotation": {"angle": -22.5, "axis": "z", "origin": [7, 13, 8]},
			"faces": {
				"north": {"uv": [4, 8, 6, 12], "texture": "#5"},
				"east": {"uv": [4, 8, 8, 12], "texture": "#5"},
				"south": {"uv": [4, 8, 6, 12], "texture": "#5"},
				"west": {"uv": [4, 8, 8, 12], "texture": "#5"},
				"up": {"uv": [4, 8, 6, 12], "texture": "#5"},
				"down": {"uv": [4, 8, 6, 12], "texture": "#5"}
			}
		}
	],
	"display": {
		"thirdperson_righthand": {
			"rotation": [0, 90, 0],
			"translation": [0, 3.25, 0]
		},
		"thirdperson_lefthand": {
			"rotation": [0, -90, 0],
			"translation": [0, 3.25, 0]
		},
		"firstperson_righthand": {
			"rotation": [-4.5, 100.25, 10],
			"translation": [1, 4, 1]
		},
		"firstperson_lefthand": {
			"rotation": [17.25, 267, 10],
			"translation": [1, 4, 1]
		},
		"ground": {
			"rotation": [-90, 0, 0],
			"translation": [0, -2.3, 0],
			"scale": [0.76914, 0.76914, 0.76914]
		},
		"gui": {
			"rotation": [28, -163, 43],
			"translation": [0.5, 0, 0],
			"scale": [1.09453, 1.09453, 1.09453]
		},
		"fixed": {
			"rotation": [-180, -1.25, -180],
			"translation": [0.5, 0.5, 0]
		}
	},
	"groups": [
		{
			"name": "item",
			"origin": [9, 13, 8],
			"color": 0,
			"children": [0, 1, 2, 3, 4, 5, 6]
		}
	]
}